resource,operator1,operator2
error reader,<init>,close
stringer,open,close
cache,open,close
client,open,close
sleep lock,lock,unlock
ir,<init>,close
data stream,<init>,close
wl,acquire,release
writer,<init>,close
job builder,<init>,close
codec,start,stop
receive stream,open,close
sp,<init>,close
copier,<init>,close
termination release lock,lock,unlock
http client,connect,disconnect
buf reader,<init>,close
manager,activate,deactivate
byte buffer,<init>,close
in,open,close
classification write lock,lock,unlock
conn,<init>,disconnect
bean reader,<init>,close
snk,open,close
jar file,<init>,close
context,<init>,destroy
compresser,<init>,end
tw,<init>,close
start stop lock,lock,unlock
graph lock,lock,unlock
seed buffer out,<init>,close
svc,start,stop
app,begin,end
player,<init>,release
std input,<init>,close
db manager,open,close
cast lock,lock,unlock
latch,acquire,release
visitor,begin,end
edits,<init>,close
locks,lock,unlock
manager,start,close
txn,lock,unlock
camera,start,stop
instance,start,close
data in,<init>,close
bee device,open,close
image file,<init>,close
remote,<init>,close
permits,acquire,release
containers lock,lock,unlock
outstream,<init>,close
rtp channel,connect,disconnect
buffered input stream,<init>,close
trees lock,lock,unlock
line reader,<init>,close
fos,<init>,close
flush transaction lock,lock,unlock
mutex,lock,unlock
byte stream,<init>,close
cluster,start,destroy
gerrit server,start,stop
guard,open,close
ren try,lock,unlock
hint lock,lock,unlock
stack out,<init>,close
manager,<init>,stop
usb,open,close
manager,start,stop
sessions lock,lock,unlock
contents,<init>,close
fs,open,close
lnr,<init>,close
crypto job handler,<init>,close
env,<init>,close
file read lock,lock,unlock
socket,open,close
rfs file out,<init>,close
caw,<init>,close
inflater,<init>,end
document,open,close
info popup,open,close
log stream,<init>,close
memory update timer,start,stop
lock manager,lock,unlock
redraw timer,start,stop
conservative journaling lock,lock,unlock
source stream,<init>,close
storage,<init>,close
in stream,<init>,close
channel,open,close
block reader,<init>,close
http service,start,stop
send stream,start,stop
stream reader,<init>,close
manager,acquire,release
ejb ctx,<init>,close
tracker,start,close
event,<init>,end
std error reader,<init>,close
chunk queue lock,lock,unlock
jr,<init>,close
url connection,connect,disconnect
dialog shell,open,close
file,open,close
undo manager,begin,end
url connection,<init>,disconnect
config file,<init>,close
ts lock,lock,unlock
ios,<init>,close
con,connect,disconnect
centers out,<init>,close
em lock,lock,unlock
file stream,<init>,close
gen,open,close
encode lock,lock,unlock
info writer,<init>,close
bulk indexer,start,stop
drv,start,stop
ic,<init>,close
stop watch,start,stop
writer,<init>,end
semaphore,acquire,end
lsr,start,end
db helper,open,close
iterator,<init>,close
bao,<init>,close
location tracker,start,stop
app,<init>,close
db,update,close
file reader,<init>,close
kill lock,lock,unlock
pending puts lock,lock,unlock
hk 2 tracker,open,close
player lock,lock,unlock
subreader,<init>,close
tracker,<init>,stop
ca input,<init>,close
cache read lock,lock,unlock
case manager,<init>,close
cache,lock,unlock
instance,start,stop
mutex,acquire,release
room lock,lock,unlock
player,create,release
rs,<init>,close
ps,<init>,close
callback,open,close
toolbar,activate,deactivate
bluetooth adapter,enable,disable
mongo client,<init>,close
member lock,lock,unlock
send and state lock,lock,unlock
document,<init>,close
factory,create,destroy
clock timer,start,stop
cis,<init>,close
port file,lock,unlock
status lock,lock,unlock
smooks,<init>,close
store lock,lock,unlock
document handler,start,end
task,<init>,close
map lock,lock,unlock
next lock,lock,unlock
out writer,<init>,close
internal lock,lock,unlock
last reader,open,close
leader retrieval service,start,stop
resource input stream,<init>,close
cache write lock,lock,unlock
session,<init>,close
user,lock,unlock
data file writer,create,close
zk client,<init>,close
io lock,lock,unlock
profile task,start,stop
str in,<init>,close
jar output,<init>,close
output,open,close
bis,<init>,close
manager,load,unload
helper,start,stop
ftp,connect,disconnect
enc,<init>,close
directory reader,open,close
tr,connect,close
shared state registry,<init>,close
server,open,close
context lock,lock,unlock
access lock,lock,unlock
formatter,<init>,close
stream,create,close
connection,open,close
load rmt lock,lock,unlock
service,connect,disconnect
scanner,initialize,close
close lock,lock,unlock
synchronous responses lock,lock,unlock
packetizer,start,stop
sync lock,lock,unlock
token,acquire,release
store,<init>,close
text source,open,close
gzip,<init>,close
ba os,<init>,close
orient db,open,close
delay timer,start,stop
heartbeat manager,<init>,stop
reference handler,start,end
current rule tracker,begin,end
file scanner,<init>,close
service context,begin,end
open searcher lock,lock,unlock
wal,open,close
file input,<init>,close
printer,<init>,end
producer,<init>,close
pis,<init>,close
universe lock,lock,unlock
data output,<init>,close
der out,<init>,close
semaphore,<init>,release
http url connection,connect,disconnect
state read lock,lock,unlock
gateway read lock,lock,unlock
block out,<init>,close
provider lock,lock,unlock
listeners,begin,end
cmd man,start,stop
item lock,lock,unlock
sample lock,lock,unlock
client,connect,disconnect
surface,lock,unlock
out stream,<init>,close
take lock,lock,unlock
surface,<init>,release
obj in,<init>,close
handle,<init>,destroy
scanner,<init>,close
socket,connect,close
descriptor,<init>,close
fade state timer,start,stop
http connection,connect,disconnect
helper,start,end
object output stream,<init>,close
conn,<init>,close
blink timer,start,stop
report server,<init>,stop
main lock,lock,unlock
buffered input,<init>,close
service manager,<init>,stop
poll lock,lock,unlock
jul hijacking lock,lock,unlock
handle,<init>,close
mgr,<init>,release
bookmark writer,<init>,close
iterator,open,close
tar in,<init>,close
response writer,begin,end
watch,<init>,stop
data file writer,<init>,close
max active message prepare read lock,lock,unlock
request buf in,<init>,close
lock,acquire,release
deployment lock,lock,unlock
leader lock,lock,unlock
stop manager,start,stop
buffer lock,lock,unlock
dest write lock,lock,unlock
doc source,<init>,close
image stream,<init>,close
media,<init>,release
zk,<init>,close
instantiate close lock,lock,unlock
kos,<init>,close
closed read lock,lock,unlock
pr,<init>,close
xml writer,<init>,close
listener,<init>,close
activation lock,lock,unlock
auto focus manager,start,stop
client,<init>,disconnect
appender,start,stop
endpoints lock,lock,unlock
control lock,lock,unlock
cache lock,lock,unlock
channel,connect,close
client socket,<init>,close
file out stream,<init>,close
waiter,restart,stop
vtk panel,lock,unlock
master lock,lock,unlock
db,open,close
channel,register,close
con,begin,close
upload container,<init>,close
out w,<init>,close
db xml manager,lock,unlock
bi,<init>,close
socket channel,connect,close
dos,<init>,close
pac k gen,<init>,close
reader,<init>,close
callback lock,lock,unlock
agg,<init>,close
fill lock,lock,unlock
obj out,<init>,close
lexical handler,start,end
lock,lock,release
editing context,lock,unlock
operation client,<init>,destroy
packet lock,lock,unlock
player,start,stop
reader,start,close
ref lock,lock,unlock
database,connect,disconnect
fw,<init>,close
list writer,<init>,close
iter,<init>,close
pout,<init>,close
rw,<init>,close
service,start,stop
service instance,start,stop
counter lock,lock,unlock
url conn,connect,disconnect
gzip output stream,<init>,close
closer,register,close
lock,<init>,unlock
pos lock,lock,unlock
shared lock,lock,unlock
tar input stream,<init>,close
json,<init>,close
journal file lock,lock,unlock
file output stream,<init>,close
reader lock,lock,unlock
cpu wake lock,acquire,release
record,<init>,close
bulk,start,stop
collector manager,start,stop
session,lock,unlock
redo store,open,close
dispatcher,start,stop
open connections lock,lock,unlock
dec,<init>,close
case manager writer,<init>,close
database,update,close
listeners lock,lock,unlock
nested jar stream,<init>,close
open m lock,lock,unlock
bitmap drawable lock,lock,unlock
freed lock,lock,unlock
server cache,open,close
clock,start,stop
dataset lock,lock,unlock
shutdown lock,lock,unlock
fc dst,<init>,close
stop watch,<init>,stop
access semaphore,acquire,release
db,<init>,close
create server,<init>,close
engine,<init>,close
progress dialog,open,close
processor,<init>,close
db lock,lock,unlock
current bucket lock,lock,unlock
sr,<init>,close
pdf,<init>,close
host dead lock,lock,unlock
mw lock,lock,unlock
fs context,acquire,release
stream,start,close
tx manager,start,stop
din,<init>,close
sw,start,stop
buffer,<init>,destroy
data source,open,close
db helper,<init>,close
meta connection,<init>,close
popup timer,start,stop
data source,<init>,close
send and state,lock,unlock
state,lock,unlock
bookmarks reader,<init>,close
es,open,close
futs cnt lock,lock,unlock
is empty lock,lock,unlock
sis,<init>,close
byte array output,<init>,close
element read lock,lock,unlock
archive,<init>,close
chunk,<init>,close
append lock,lock,unlock
fop,<init>,close
block finished lock,lock,unlock
importer,open,close
device,open,close
tracker,start,stop
event source,<init>,close
input stream,<init>,close
update lock,lock,unlock
buffered stream,<init>,close
idx,<init>,close
proxy,start,stop
batch lock,lock,unlock
client,start,close
sd to lock,lock,unlock
file locks,lock,unlock
gis,<init>,close
his pipe,<init>,close
instance,<init>,disconnect
remove lock,lock,unlock
meter,start,stop
tm,<init>,close
zip stream,<init>,close
admin server,start,stop
file lock,lock,unlock
prog,<init>,close
unhandled output,<init>,close
output lock,lock,unlock
decompresser,<init>,end
cache flush lock,lock,unlock
data lock,lock,unlock
jc,<init>,close
pmf prop lock,lock,unlock
search manager lock,lock,unlock
shell,<init>,close
sequence client,start,stop
stop lock,lock,unlock
wtx,<init>,close
dfs,<init>,close
hosts,<init>,close
shell,open,close
tenant lock,lock,unlock
track lock,lock,unlock
resource locks,lock,unlock
wifi manager,register,unregister
blackboard lock,lock,unlock
con,lock,unlock
monitor,open,close
prev lock,lock,unlock
reader,initialize,close
extension tracker,open,close
bos,<init>,close
buffered output stream,<init>,close
spill lock,lock,unlock
move timer,start,stop
ds lock,lock,unlock
media recorder,start,stop
stopwatch,start,stop
output writer,<init>,close
db env,<init>,close
div handler,start,end
unfinished lock,lock,unlock
huc,connect,disconnect
web socket connection,start,stop
jar stream,<init>,close
oi stream,<init>,close
simulate download lock,lock,unlock
server,<init>,close
manager,connect,disconnect
proxy,start,end
capsule,<init>,destroy
source,open,close
connection,start,stop
output stream writer,<init>,close
count mutex,acquire,release
event source,open,close
global pool,<init>,destroy
idx,open,close
bc,<init>,close
sw,<init>,close
google api client,connect,disconnect
web server,start,stop
factory,<init>,close
manager,<init>,close
improbable lock,lock,unlock
lpw,<init>,close
peek head input,<init>,close
bobs stop manager,start,stop
buffered file output stream,<init>,close
caret timer,start,stop
call,lock,unlock
constraints read lock,lock,unlock
json reader,<init>,close
counting stream,<init>,close
tis,<init>,close
collector,start,stop
os,<init>,close
write channel,<init>,close
gene writer,<init>,close
messages batch lock,lock,unlock
sem,<init>,release
msg lock,lock,unlock
cb lock,lock,unlock
bfr,<init>,close
host alert lock,lock,unlock
supervisor lock,lock,unlock
completion semaphore,<init>,release
clients lock,lock,unlock
context,attach,detach
sock,<init>,close
src,open,close
report,<init>,close
out timer,start,stop
sc,<init>,close
scroll timer,start,stop
file writer,create,close
target,<init>,close
req,<init>,close
input serialize lock,lock,unlock
pem writer,<init>,close
xml input,<init>,close
dex file,<init>,close
engine init lock,lock,unlock
loading frame,<init>,close
riw,<init>,close
audio,start,stop
search manager,lock,unlock
push pop lock,lock,unlock
connection,connect,close
unpacker,<init>,close
file system,create,close
log writer,<init>,close
recorder,<init>,stop
watch,start,stop
connections lock,lock,unlock
agg,open,close
buff writer,<init>,close
def later,<init>,end
codec,<init>,close
buf,<init>,close
data input stream,<init>,close
je dis,scan,close
model timer,start,stop
string writer,<init>,close
timer,<init>,stop
pick event lock,lock,unlock
socket channel,open,close
task manager,register,unregister
time string lock,lock,unlock
tracker lock,lock,unlock
file in,<init>,close
out channel,<init>,close
res,<init>,close
manager,lock,unlock
stop workers lock,lock,unlock
transaction,<init>,end
redo lock,lock,unlock
tmp file writer,<init>,close
window,<init>,close
jar,<init>,close
script writer,<init>,close
buffer,<init>,close
asn1 input stream,<init>,close
ec,lock,unlock
connection,<init>,close
byte input stream,<init>,close
timer lock,lock,unlock
controller,start,stop
children lock,lock,unlock
object output,<init>,close
delegate read lock,lock,unlock
byte array output stream,<init>,close
drm convert session,open,close
jar output stream,<init>,close
timer,<init>,end
dijkstra sw,start,stop
action queue lock,lock,unlock
rwl r,lock,unlock
destroy lock,lock,unlock
server,<init>,stop
local lock,lock,unlock
row read lock,lock,unlock
matcher,start,end
dst,<init>,close
format,open,close
pw lock,lock,unlock
client,<init>,close
tar,<init>,close
byte input,<init>,close
object in,<init>,close
state change lock,lock,unlock
cache,acquire,release
cluster,connect,close
lock pool,acquire,release
der out stream,<init>,close
bench,<init>,close
wr,<init>,close
writer lock,lock,unlock
global lock,lock,unlock
chronometer,start,stop
client,create,close
outs,<init>,close
stream report processor,<init>,close
trace components lock,lock,unlock
builder,<init>,close
ch,<init>,close
write lock,lock,unlock
writer,begin,end
meta info lock,lock,unlock
zip out,<init>,close
info,<init>,close
execute,<init>,close
gate,lock,unlock
modify lock,lock,unlock
fsw,<init>,close
printout,<init>,close
producer lock,lock,unlock
endpoint striped lock,lock,unlock
store,open,close
ecs,<init>,close
write to lock,lock,unlock
file write lock,lock,unlock
seg lock,lock,unlock
streams,<init>,close
bytes,<init>,close
in reader,<init>,close
db xml manager read lock,lock,unlock
zip output,<init>,close
conn write lock,lock,unlock
ack lock,lock,unlock
images lock,lock,unlock
adapter,<init>,close
byte out,<init>,close
remote bound lock,lock,unlock
container,<init>,close
container,start,stop
increase timer,start,stop
context,<init>,stop
state write lock,lock,unlock
res stream out,<init>,close
group checker lock,lock,unlock
io,<init>,close
suspended state lock,lock,unlock
xml,<init>,close
content stream,<init>,close
data os,<init>,close
create container,<init>,close
pool,acquire,release
test server,start,stop
downloading listing lock,lock,unlock
de ser,open,close
plt write lock,lock,unlock
sink,open,close
data file,<init>,close
decrease timer,start,stop
exec,start,stop
auto scroll timer,start,stop
extract path lock,lock,unlock
strongs handler,start,end
ctx,start,stop
http server,start,stop
compactor,initialize,close
conn,start,close
hbr,start,close
semaphore,acquire,release
provider,connect,disconnect
state,<init>,close
trans ins,<init>,close
writer,start,end
mdl writer,<init>,close
file writer,<init>,close
persistence manager,acquire,release
consumer,<init>,close
render context,<init>,destroy
ts,<init>,close
region,<init>,close
zero locklock,lock,unlock
pool,<init>,release
bkjm,<init>,close
stream lock,lock,unlock
map writer,<init>,close
temp file generator,<init>,close
so,<init>,close
corpus reader,<init>,close
data output stream,<init>,close
range file br,<init>,close
region lock,lock,unlock
gzip output,<init>,close
bw,<init>,close
client,init,close
ctx,<init>,stop
web session,<init>,close
content lock,lock,unlock
live info lock,lock,unlock
backward lock,lock,unlock
txn lock,lock,unlock
descriptor,acquire,release
stdin,acquire,release
zip input,<init>,close
adapter,start,stop
xml input stream,<init>,close
anim,start,end
waiter,acquire,release
zk client,start,stop
context,<init>,close
grow timer,start,stop
gz os,<init>,close
repo save lock,lock,unlock
esigate server,start,stop
payload,open,close
fsn,<init>,close
iw,<init>,close
timers lock,lock,unlock
popup lock,lock,unlock
instance,<init>,close
list reader,<init>,close
server,start,stop
tracker,start,end
channel 1,connect,close
geo resource lock,lock,unlock
notifications lock,lock,unlock
object out,<init>,close
bin,<init>,close
stream in,<init>,close
pruning watch,start,stop
fixture,start,stop
input stream reader,<init>,close
timer,lock,unlock
ais,<init>,close
csv writer,<init>,close
client,register,close
orb,init,destroy
orientation manager,start,stop
giant,lock,unlock
read lock,lock,unlock
test channel,<init>,close
encoder,<init>,close
properties handler,start,stop
sink,<init>,close
ew,<init>,close
bean writer,<init>,close
fc src,<init>,close
auto focus manager,<init>,stop
je dis,<init>,close
encoder,<init>,release
dr f lock,acquire,release
server cache writer,open,close
storage,open,close
map reader,<init>,close
output stream,<init>,close
bitmap lock,lock,unlock
folder,open,close
manager,open,close
directory manager,start,stop
instance,<init>,stop
lock,<init>,close
router,<init>,close
stamper,<init>,close
task,start,stop
taxo reader,<init>,close
config change lock,lock,unlock
log mgr lock,lock,unlock
con,start,close
pool,<init>,close.
sequence creation lock,lock,unlock
bkc 410,start,stop
connection,connect,disconnect
transaction,begin,end
buff,<init>,close
content,<init>,close
comp bytes,<init>,close
conn,create,close
url conn,<init>,disconnect
fade timer,start,stop
zk,start,stop
server,start,close
cluster,start,stop
manager lock,lock,unlock
gzip input stream,<init>,close
input mapping lock,lock,unlock
session,start,close
uba,begin,close
meta,<init>,close
rdr,<init>,close
reader,start,stop
row write lock,lock,unlock
service manager,start,stop
wake lock,acquire,release
fo,<init>,close
search lock,lock,unlock
service tracker,open,close
buffered reader,<init>,close
jar in,<init>,close
monitor,lock,unlock
score timer,start,stop
time tracker,start,stop
trust store,<init>,close
coll,open,close
context,open,close
counter monitor,start,stop
tracker,open,close
wrt,<init>,close
manager,begin,end
batch,<init>,close
fragment reader,<init>,close
dfs,create,close
fs,create,close
repaint timer,start,stop
database,<init>,close
registered lock,lock,unlock
plugin write lock,lock,unlock
generator,<init>,close
cluster service lock,lock,unlock
fp,<init>,close
coll,<init>,close
deep context,<init>,stop
resize lock,lock,unlock
deserializer,open,close
request buf in stream,<init>,close
run lock,lock,unlock
stats provider manager,register,unregister
resource,<init>,close
timer,<init>,close
console,start,stop
request lock,lock,unlock
file store,<init>,close
adapter,open,close
cancellation handler,begin,end
client,<init>,stop
data reader,<init>,close
forward lock,lock,unlock
ser,open,close
rebroadcast digest lock,lock,unlock
dense array read lock,lock,unlock
bootstrap,connect,release
src,<init>,close
buf,<init>,release
slave counting lock,lock,unlock
test connectivity lock,lock,unlock
log write latch,acquire,release
connection,<init>,disconnect
profiler,start,end
wifi lock,acquire,release
service,<init>,stop
jmx client,connect,disconnect
idle lock,lock,unlock
next media player,<init>,release
node read lock,lock,unlock
portlet entity lock,lock,unlock
process,<init>,destroy
zip output stream,<init>,close
publisher,<init>,close
renderer context,start,stop
fc,<init>,close
ldap ext client,connect,disconnect
bais,<init>,close
transport,open,close
object input stream,<init>,close
lib core os,open,close
session,open,close
searcher manager,acquire,release
sink,start,stop
timer,start,stop
database,open,close
populator lock,lock,unlock
indexgen,<init>,close
segment,lock,unlock
mgr,<init>,stop
stats read write lock,lock,unlock
head lock,lock,unlock
in file reader,<init>,close
pm,<init>,close
check timer,start,stop
reopen lock,lock,unlock
server socket,<init>,close
tout,<init>,close
locker,acquire,release
info popup,<init>,close
index,<init>,close
connection lock,lock,unlock
channel,<init>,close
roll lock,lock,unlock
samples,<init>,close
buffered file output,<init>,close
downloaded file stream,<init>,close
queue lock,lock,unlock
sync,lock,unlock
stamp,<init>,close
transaction,begin,close
transaction manager,begin,end
err reader,<init>,close
drools stream,<init>,close
file output,<init>,close
proxy lock,lock,unlock
file input stream,<init>,close
product lock,lock,unlock
dout,<init>,close
out,open,close
baw,<init>,close
session,connect,disconnect
refresh lock,lock,unlock
client,<init>,destroy
aggregate statistics lock,lock,unlock
br,<init>,close
constant read lock,lock,unlock
connection manager,start,stop
session,<init>,end
bootstrap,<init>,close
gzip in,<init>,close
info,open,close
peer refresh lock,lock,unlock
remote info read lock,lock,unlock
btm lock,lock,unlock
tcp socket,<init>,close
image in,<init>,close
manager,<init>,release
timers,start,stop
connection,start,close
listeners,start,end
popup timer,<init>,stop
cache,<init>,close
wri,<init>,close
whois client,connect,disconnect
buffered output,<init>,close
inner state write lock,lock,unlock
metadata db,open,close
context,activate,deactivate
handler,start,stop
in,<init>,destroy
listener,open,close
plt read lock,lock,unlock
seed buffer,<init>,close
compressor,<init>,end
cml writer,<init>,close
extracted lib in,<init>,close
output mapping lock,lock,unlock
sending socket,<init>,close
sock,connect,close
str,<init>,close
tez session,start,stop
conn,connect,disconnect
osw,<init>,close
partition service lock,lock,unlock
channel,connect,disconnect
buffer reader,<init>,close
dest,<init>,close
dns server,start,stop
cursor,<init>,close
sub term lock,lock,unlock
ui stats,start,end
buffered writer,<init>,close
dbc,lock,unlock
load lock,lock,unlock
cleanup lock,lock,unlock
gos,<init>,close
rwl w,lock,unlock
location client,connect,disconnect
client channel,connect,close
driver,start,stop
pause lock,lock,unlock
doc,<init>,close
dis,<init>,close
store,connect,close
context,start,stop
jis,<init>,close
master client,connect,disconnect
mp io lock,lock,unlock
client,connect,close
ctx,<init>,close
signature input stream,<init>,close
muxer,start,release
pop lock,lock,unlock
sw,<init>,stop
csv,<init>,close
current,<init>,close
initializer,initialize,destroy
jos,<init>,close
reallocation lock,lock,unlock
surface lock,lock,unlock
adaptor operations lock,lock,unlock
zk lock,lock,unlock
snapshot lock,lock,unlock
efw,<init>,close
pw,<init>,close
connector status lock,lock,unlock
fin,<init>,close
heartbeat,begin,end
flush lock,lock,unlock
job lock,lock,unlock
media,start,stop
tracker,<init>,close
writer,open,close
isr,<init>,close
action,start,end
lr,<init>,close
stdin,<init>,close
ou,<init>,close
data file stream,<init>,close
bfw,<init>,close
datagram socket,<init>,close
wal,<init>,close
ch,connect,disconnect
timer,restart,stop
batch manager,start,stop
polling lock,lock,unlock
setter,<init>,close
zos,<init>,close
pool lock,lock,unlock
mux,open,close
obj stream,<init>,close
put lock,lock,unlock
http conn,connect,disconnect
segment manager,open,close
proto,start,end
registry,<init>,unregister
neural connection,connect,disconnect
closer,create,close
scan lock,lock,unlock
manager,register,unregister
setup connection,connect,disconnect
transmit lock,lock,unlock
analyzer,<init>,close
doc,open,close
in,<init>,close
property list stream,<init>,close
bout,<init>,close
lock,lock,unlock
buff reader,<init>,close
fail sink,open,close
last writer,open,close
update display lock,lock,unlock
event serialize lock,lock,unlock
sock dir,<init>,close
file out,<init>,close
jar out,<init>,close
seg source,<init>,close
writer,<init>,destroy
yarn client,start,stop
index writer,<init>,close
checksum in,<init>,close
listeners read lock,lock,unlock
output,<init>,close
pc,<init>,close
http session lock,lock,unlock
lb provisioning lock,lock,unlock
print writer,<init>,close
seq,<init>,close
zip input stream,<init>,close
file data,<init>,close
request,<init>,close
ois,<init>,close
managed conn,open,close
metadata db,<init>,close
target stream,<init>,close
data object,<init>,release
read values lock,lock,unlock
sched lock,lock,unlock
kerberos lock,lock,unlock
handler,start,end
os,open,close
std in,<init>,close
input,<init>,close
db,connect,disconnect
buffer change lock,lock,unlock
gz,<init>,close
out,<init>,close
segment,<init>,close
stream,<init>,close
transaction,<init>,close
data out,<init>,close
converter,<init>,close
transport,<init>,close
world update timer,start,stop
save delete lock,lock,unlock
logged sql collector,start,stop
hoge,begin,end
sink,initialize,close
conn,begin,close
cryptor stream,<init>,close
object input,<init>,close
dob,<init>,close
provider registration mutex,lock,unlock
flac output stream,<init>,close
socket,<init>,close
threads lock,lock,unlock
simple byte cache,acquire,release
decoder,<init>,close
find objects lock,lock,unlock
txn,begin,close
searcher,search,close
change sink,initialize,close
controller,<init>,stop
zip in,<init>,close
hard delete lock,lock,unlock
xa res,start,end
edge writer,initialize,close
second service,start,stop
tag filter,<init>,close
transport,connect,close
countdown timer,start,stop
adapter,enable,disable
typing timer,start,stop
service thread lock,lock,unlock
gen,<init>,close
handler,<init>,close
local device,open,close
monitor,start,stop
config lock,lock,unlock
fis,<init>,close
reader,open,close
builder,start,stop
connect lock,lock,unlock
print stream,<init>,close
rq,lock,unlock
visitor,start,end
dialog,<init>,close
inp,<init>,close
node write lock,lock,unlock
fs,<init>,close
out,start,close
sampler,<init>,close
is,<init>,close
err,<init>,close
content input stream,<init>,close
lru lock,lock,unlock
hive conf lock,lock,unlock
rd,<init>,close
sc,open,close
ds,<init>,close
ins,<init>,close
xa res,<init>,end
gz is,<init>,close
data input,<init>,close
results lock,lock,unlock
undertow,start,stop
printer,<init>,close
pending futs lock,lock,unlock
seg,lock,unlock
id gen lock,lock,unlock
aux,lock,unlock
muxer,start,stop
sem,acquire,release
bank lock,lock,unlock
semaphore,<init>,end
file channel,<init>,close
bf,<init>,close
string monitor,start,stop
schema stream,<init>,close
xml stream,<init>,close
fi,<init>,close
region,initialize,close
shuffle handler,start,stop
cert stream,<init>,close
check lock,lock,unlock
peek head input stream,<init>,close
oi,<init>,close
config,lock,unlock
con,<init>,close
fr,<init>,close
result writer,begin,end
client,start,stop
facade,<init>,close
job client,<init>,close
lock,<init>,release
plugin read lock,lock,unlock
port,<init>,close
service,register,unregister
state lock,lock,unlock
backends write lock,lock,unlock
dir,<init>,close
output file stream,<init>,close
undo lock,lock,unlock
dialog,open,close
writer,create,close
dispatch lock,lock,unlock
waiter,start,stop
extract sw,start,stop
event stream,<init>,close
eviction lock,lock,unlock
lock manager,acquire,release
renderer,start,end
justification timer,start,stop
invoker,<init>,destroy
response,<init>,close
session lock,lock,unlock
data writer,<init>,close
init lock,lock,unlock
components read lock,lock,unlock
xml writer,start,end
socks 5 proxy,start,stop
bee setup lock,lock,unlock
socket channel,register,close
serializing lock,acquire,release
transaction manager lock,lock,unlock
led blinking timer,start,stop
source,<init>,close
edit log stream,<init>,close
leader election service,start,stop
osc,lock,unlock
json writer,<init>,close
counters lock,lock,unlock
holder,lock,unlock
jar input stream,<init>,close
critical access lock,lock,unlock
request buf,<init>,close